Cep,Endereço,Lat,Lng
Nan,Nan,Nan,Nan
58400002,Rua Presidente João Pessoa - Centro - Campina Grande - PB,-7.2164509,-35.8896766
Nan,Nan,Nan,Nan
Nan,Nan,Nan,Nan
Nan,Nan,Nan,Nan
58400006,Praça Félix Araújo - Centro - Campina Grande - PB,-7.214983600000001,-35.8935252
Nan,Nan,Nan,Nan
58400008,Rua Quintino Bocaiúva - Centro - Campina Grande - PB,-7.2124544,-35.8925007
Nan,Nan,Nan,Nan
58400010,Rua Vileneuve Honório Maia - Centro - Campina Grande - PB,-7.216171,-35.89296849999999
Nan,Nan,Nan,Nan
58400012,Rua Antenor Navarro - Centro - Campina Grande - PB,-7.216993200000001,-35.8931342
Nan,Nan,Nan,Nan
Nan,Nan,Nan,Nan
Nan,Nan,Nan,Nan
58400016,Rua Luís Soares - Centro - Campina Grande - PB,-7.216596500000001,-35.8919777
Nan,Nan,Nan,Nan
Nan,Nan,Nan,Nan
Nan,Nan,Nan,Nan
58400020,Rua Siqueira Campos - Centro - Campina Grande - PB,-7.218737300000001,-35.8918839
Nan,Nan,Nan,Nan
Nan,Nan,Nan,Nan
Nan,Nan,Nan,Nan
Nan,Nan,Nan,Nan
58400025,Rua Presidente Epitácio Pessoa - Centro - Campina Grande - PB,-7.215120999999999,-35.8873523
Nan,Nan,Nan,Nan
Nan,Nan,Nan,Nan
58400028,Rua João da Silva Pimentel - Centro - Campina Grande - PB,-7.213628300000001,-35.8880902
Nan,Nan,Nan,Nan
58400030,Rua Índios Cariris - Centro - Campina Grande - PB,-7.2183218,-35.8894204
Nan,Nan,Nan,Nan
Nan,Nan,Nan,Nan
Nan,Nan,Nan,Nan
58400034,Rua Presidente João Pessoa - Centro - Campina Grande - PB,-7.2164509,-35.8896766
Nan,Nan,Nan,Nan
58400036,Rua João Suassuna - Centro - Campina Grande - PB,-7.215583800000001,-35.8892975
Nan,Nan,Nan,Nan
58400038,Rua Iremar Vilarim - Centro - Campina Grande - PB,-7.2155077,-35.8879058
Nan,Nan,Nan,Nan
58400040,Rua Professor Mauro Luna - Centro - Campina Grande - PB,-7.2131395,-35.8862197
Nan,Nan,Nan,Nan
58400042,Rua Raimundo Alves da Silva - Centro - Campina Grande - PB,-7.214653800000001,-35.8854551
Nan,Nan,Nan,Nan
Nan,Nan,Nan,Nan
Nan,Nan,Nan,Nan
Nan,Nan,Nan,Nan
Nan,Nan,Nan,Nan
58400048,Rua Padre Ibiapina - Centro - Campina Grande - PB,-7.216550499999999,-35.8872355
Nan,Nan,Nan,Nan
58400050,Rua Augusto Severo - Centro - Campina Grande - PB,-7.2181367,-35.8879362
Nan,Nan,Nan,Nan
58400052,Avenida Presidente Getúlio Vargas - Centro - Campina Grande - PB,-7.2183218,-35.8894204
Nan,Nan,Nan,Nan
58400054,Rua Expedicionário do Brasil - Centro - Campina Grande - PB,-7.219182,-35.888223
Nan,Nan,Nan,Nan
58400056,Rua Índios Cariris - Centro - Campina Grande - PB,-7.2183218,-35.8894204
Nan,Nan,Nan,Nan
58400058,Avenida Rio Branco - Centro - Campina Grande - PB,-7.218737300000001,-35.8918839
Nan,Nan,Nan,Nan
58400060,Rua Jerônimo Gueiros - Centro - Campina Grande - PB,-7.219883899999999,-35.8884353
Nan,Nan,Nan,Nan
58400062,Rua Dom Pedro II - Centro - Campina Grande - PB,-7.2197589,-35.892157
Nan,Nan,Nan,Nan
Nan,Nan,Nan,Nan
Nan,Nan,Nan,Nan
58400066,Rua Professor José Coelho - Centro - Campina Grande - PB,-7.2202872,-35.8878922
Nan,Nan,Nan,Nan
58400068,Rua Coronel José André - Centro - Campina Grande - PB,-7.2199892,-35.8871229
Nan,Nan,Nan,Nan
58400070,Rua Rui Barbosa - Centro - Campina Grande - PB,-7.2209423,-35.8860661
Nan,Nan,Nan,Nan
Nan,Nan,Nan,Nan
Nan,Nan,Nan,Nan
58400074,Rua Bartolomeu de Gusmão - Centro - Campina Grande - PB,-7.218272999999999,-35.8872468
Nan,Nan,Nan,Nan
58400076,Rua Miguel Barreto - Centro - Campina Grande - PB,-7.218349099999998,-35.886831
Nan,Nan,Nan,Nan
58400078,Rua Félix Araújo - Centro - Campina Grande - PB,-7.2183113,-35.8870387
Nan,Nan,Nan,Nan
Nan,Nan,Nan,Nan
58400081,Rua Theodósio de Oliveira Ledo - Centro - Campina Grande - PB,-7.2189007,-35.8860844
Nan,Nan,Nan,Nan
58400083,Rua Coronel Demóstenes Barbosa - Centro - Campina Grande - PB,-7.2183182,-35.88557
Nan,Nan,Nan,Nan
58400085,Praça da Bandeira - Centro - Campina Grande - PB,-7.219532200000001,-35.8851604
Nan,Nan,Nan,Nan
58400087,Rua Marquês do Herval - Centro - Campina Grande - PB,-7.2186187,-35.8849538
Nan,Nan,Nan,Nan
Nan,Nan,Nan,Nan
58400090,Rua Venâncio Neiva - Centro - Campina Grande - PB,-7.218159999999999,-35.8845104
Nan,Nan,Nan,Nan
Nan,Nan,Nan,Nan
58400093,Rua Semeão Leal - Centro - Campina Grande - PB,-7.2183242,-35.8833199
Nan,Nan,Nan,Nan
58400095,Calçadão Jimmy Oliveira - Centro - Campina Grande - PB,-7.214922400000001,-35.883869
Nan,Nan,Nan,Nan
58400097,Rua Cardoso Vieira - Centro - Campina Grande - PB,-7.2174065,-35.883747
Nan,Nan,Nan,Nan
Nan,Nan,Nan,Nan
58400100,Rua Maciel Pinheiro - Centro - Campina Grande - PB,-7.2176712,-35.8839432
Nan,Nan,Nan,Nan
Nan,Nan,Nan,Nan
58400103,Rua Monsenhor Sales - Centro - Campina Grande - PB,-7.2175707,-35.8848466
Nan,Nan,Nan,Nan
58400105,Rua Sete de Setembro - Centro - Campina Grande - PB,-7.216933399999999,-35.8852286
58400106,Praça João Rique Ferreira - Centro - Campina Grande - PB,-7.2585192,-35.8868249
58400107,Praça Tenente Alfredo Dantas - Centro - Campina Grande - PB,-7.2184217,-35.8852148
Nan,Nan,Nan,Nan
Nan,Nan,Nan,Nan
58400110,Rua Barão do Abiaí - Centro - Campina Grande - PB,-7.2167747,-35.8840122
Nan,Nan,Nan,Nan
58400112,Rua Manoel Cavalcante Belo - Centro - Campina Grande - PB,-7.2165876,-35.883727
Nan,Nan,Nan,Nan
Nan,Nan,Nan,Nan
58400115,Rua Alexandrino Cavalcanti Belo - Centro - Campina Grande - PB,-7.216620799999999,-35.88334460000001
Nan,Nan,Nan,Nan
58400117,Rua João Alves de Oliveira - Centro - Campina Grande - PB,-7.214922400000001,-35.883869
Nan,Nan,Nan,Nan
Nan,Nan,Nan,Nan
58400120,Rua João Leôncio - Centro - Campina Grande - PB,-7.215249999999999,-35.8847192
Nan,Nan,Nan,Nan
58400122,Rua Sandra Borborema - Centro - Campina Grande - PB,-7.215035699999999,-35.8847235
Nan,Nan,Nan,Nan
Nan,Nan,Nan,Nan
Nan,Nan,Nan,Nan
58400126,Rua Vigolvino Wanderley - Centro - Campina Grande - PB,-7.213883600000001,-35.8849458
Nan,Nan,Nan,Nan
Nan,Nan,Nan,Nan
Nan,Nan,Nan,Nan
58400130,Avenida Cajazeiras - Centro - Campina Grande - PB,-7.2143272,-35.8832524
Nan,Nan,Nan,Nan
Nan,Nan,Nan,Nan
58400133,Rua Prefeito Ernani Lauritzen - Centro - Campina Grande - PB,-7.215571199999999,-35.8822693
Nan,Nan,Nan,Nan
58400135,Rua Júlia Barreto de Melo - Centro - Campina Grande - PB,-7.2167131,-35.8813438
Nan,Nan,Nan,Nan
58400137,Rua Governador Agamenon Magalhães - Centro - Campina Grande - PB,-7.2137656,-35.881804
Nan,Nan,Nan,Nan
Nan,Nan,Nan,Nan
58400140,Rua Cristiano Lauritzen - Centro - Campina Grande - PB,-7.2240154,-35.8816943
Nan,Nan,Nan,Nan
Nan,Nan,Nan,Nan
58400143,Rua Peregrino de Carvalho - Centro - Campina Grande - PB,-7.2175663,-35.8814012
58400144,Praça Rosil Cavalcanti - Centro - Campina Grande - PB,-7.2232663,-35.8886192
58400145,Rua Conselheiro Eufrasino Barbosa Pontes - Centro - Campina Grande - PB,-7.2181078,-35.88192859999999
Nan,Nan,Nan,Nan
58400147,Rua Euclides Vilar - Centro - Campina Grande - PB,-7.2171673,-35.88121
Nan,Nan,Nan,Nan
Nan,Nan,Nan,Nan
58400150,Rua Tavares Cavalcante - Centro - Campina Grande - PB,-7.217731699999999,-35.8772405
Nan,Nan,Nan,Nan
58400152,Rua Estelita Cruz - Centro - Campina Grande - PB,-7.2142167,-35.8809233
Nan,Nan,Nan,Nan
58400154,Praça Lino de Oliveira Cavalcante - Centro - Campina Grande - PB,-7.214922400000001,-35.883869
Nan,Nan,Nan,Nan
58400156,Rua Vereador Artur Villarim - Centro - Campina Grande - PB,-7.2164515,-35.8796472
Nan,Nan,Nan,Nan
58400158,Avenida Janúncio Ferreira - Centro - Campina Grande - PB,-7.215724,-35.8796017
Nan,Nan,Nan,Nan
58400160,Praça Poeta Augusto dos Anjos - Centro - Campina Grande - PB,-7.217403900000001,-35.8870688
Nan,Nan,Nan,Nan
Nan,Nan,Nan,Nan
Nan,Nan,Nan,Nan
Nan,Nan,Nan,Nan
58400165,Avenida Marechal Floriano Peixoto - Centro - Campina Grande - PB,-7.2196544,-35.8844244
Nan,Nan,Nan,Nan
Nan,Nan,Nan,Nan
Nan,Nan,Nan,Nan
Nan,Nan,Nan,Nan
58400170,Rua Santa Clara - Centro - Campina Grande - PB,-7.2219648,-35.89054429999999
58400171,Parque Evaldo Cruz - Centro - Campina Grande - PB,-7.2219412,-35.8891921
Nan,Nan,Nan,Nan
Nan,Nan,Nan,Nan
Nan,Nan,Nan,Nan
Nan,Nan,Nan,Nan
Nan,Nan,Nan,Nan
Nan,Nan,Nan,Nan
Nan,Nan,Nan,Nan
Nan,Nan,Nan,Nan
58400180,Avenida Marechal Floriano Peixoto - Centro - Campina Grande - PB,-7.2196544,-35.8844244
Nan,Nan,Nan,Nan
58400182,Rua Manoel Elias - Centro - Campina Grande - PB,-7.2027714,-35.8825859
58400183,Travessa Capitão João de Sá - Centro - Campina Grande - PB,-7.219813299999999,-35.8761928
Nan,Nan,Nan,Nan
58400185,Rua Tavares Cavalcante - Centro - Campina Grande - PB,-7.217731699999999,-35.8772405
Nan,Nan,Nan,Nan
58400187,Rua Deputado José Tavares - Centro - Campina Grande - PB,-7.2181796,-35.8786288
Nan,Nan,Nan,Nan
Nan,Nan,Nan,Nan
58400190,Rua Marcílio Dias - Centro - Campina Grande - PB,-7.218397699999999,-35.8773161
Nan,Nan,Nan,Nan
Nan,Nan,Nan,Nan
Nan,Nan,Nan,Nan
Nan,Nan,Nan,Nan
58400195,Rua Giló Guedes - Centro - Campina Grande - PB,-7.218219499999999,-35.8756793
Nan,Nan,Nan,Nan
Nan,Nan,Nan,Nan
58400198,Travessa Cinco de Agosto - Centro - Campina Grande - PB,-7.2204354,-35.8763805
Nan,Nan,Nan,Nan
58400200,Rua Capitão João de Sá - Centro - Campina Grande - PB,-7.219813299999999,-35.8761928
Nan,Nan,Nan,Nan
58400202,Rua Manoel Pereira de Araújo - Centro - Campina Grande - PB,-7.219220699999999,-35.8772417
Nan,Nan,Nan,Nan
58400204,Rua Doutor Carlos Agra - Centro - Campina Grande - PB,-7.219904099999999,-35.8770149
58400205,Travessa Doutor Carlos Agra - Centro - Campina Grande - PB,-7.219904099999999,-35.8770149
58400206,Rua Pedro Álvares Cabral - Centro - Campina Grande - PB,-7.2193065,-35.8779373
Nan,Nan,Nan,Nan
58400208,Rua Quebra Quilos - Centro - Campina Grande - PB,-7.2210156,-35.8766416
Nan,Nan,Nan,Nan
58400210,Rua Ulisses Gomes - Centro - Campina Grande - PB,-7.2217821,-35.8763928
58400211,Vila Franca - Centro - Campina Grande - PB,-7.218406000000001,-35.884185
58400212,Travessa Ulisses Gomes - Centro - Campina Grande - PB,-7.221603999999999,-35.876047
58400213,Vila Barbosa - Centro - Campina Grande - PB,-7.2183182,-35.88557
58400214,Rua Manoel Gonçalves Guimarães - Centro - Campina Grande - PB,-7.2232745,-35.8767851
58400215,Vila Anchieta - Centro - Campina Grande - PB,-7.231753599999999,-35.8790035
58400216,Praça Professor José Lopes de Andrade - Centro - Campina Grande - PB,-7.240561400000001,-35.8662507
Nan,Nan,Nan,Nan
Nan,Nan,Nan,Nan
Nan,Nan,Nan,Nan
58400220,Rua Vila Nova da Rainha - Centro - Campina Grande - PB,-7.221083499999999,-35.878726
Nan,Nan,Nan,Nan
Nan,Nan,Nan,Nan
58400223,Rua Cristóvão Colombo - Centro - Campina Grande - PB,-7.219400599999999,-35.8786207
58400224,Largo do Mercado Central - Centro - Campina Grande - PB,-7.215655000000001,-35.8866919
58400225,Rua Manoel Farias Leite - Centro - Campina Grande - PB,-7.2195983,-35.8782048
Nan,Nan,Nan,Nan
58400227,Rua Doutor Antônio Sá - Centro - Campina Grande - PB,-7.2193331,-35.8791075
Nan,Nan,Nan,Nan
Nan,Nan,Nan,Nan
58400230,Rua Peregrino de Carvalho - Centro - Campina Grande - PB,-7.2175663,-35.8814012
Nan,Nan,Nan,Nan
Nan,Nan,Nan,Nan
58400233,Rua Bento Viana - Centro - Campina Grande - PB,-7.218632500000001,-35.8809755
58400234,Praça Nossa Senhora da Conceição - Centro - Campina Grande - PB,-7.218450700000001,-35.8812196
58400235,Rua Afonso Campos - Centro - Campina Grande - PB,-7.219339799999999,-35.8816382
Nan,Nan,Nan,Nan
Nan,Nan,Nan,Nan
58400238,Rua Pedro Américo - Centro - Campina Grande - PB,-7.2195564,-35.8807913
Nan,Nan,Nan,Nan
58400240,Rua Coronel João Lourenço Porto - Centro - Campina Grande - PB,-7.2201297,-35.8814741
Nan,Nan,Nan,Nan
Nan,Nan,Nan,Nan
58400243,Rua Deputado Álvaro Gaudêncio - Centro - Campina Grande - PB,-7.222184299999999,-35.8802436
Nan,Nan,Nan,Nan
58400245,Rua João da Mata - Centro - Campina Grande - PB,-7.221379000000001,-35.88029050000001
Nan,Nan,Nan,Nan
Nan,Nan,Nan,Nan
58400248,Rua João Tavares - Centro - Campina Grande - PB,-7.2223259,-35.8820395
Nan,Nan,Nan,Nan
58400250,Rua José Bonifácio - Centro - Campina Grande - PB,-7.222254899999999,-35.8811416
Nan,Nan,Nan,Nan
Nan,Nan,Nan,Nan
58400253,Rua Coronel Salvino Figueiredo - Centro - Campina Grande - PB,-7.2231761,-35.8799062
Nan,Nan,Nan,Nan
58400255,Rua Elias Asfora - Centro - Campina Grande - PB,-7.223144899999999,-35.8796961
Nan,Nan,Nan,Nan
Nan,Nan,Nan,Nan
58400258,Rua Doutor Severino Ribeiro Cruz - Centro - Campina Grande - PB,-7.2238639,-35.8792112
Nan,Nan,Nan,Nan
58400260,Rua Desembargador Trindade - Centro - Campina Grande - PB,-7.223779899999999,-35.8840185
58400261,Rua Presidente João Pessoa - Centro - Campina Grande - PB,-7.2164509,-35.8896766
58400262,Praça Coronel Antônio Pessoa - Centro - Campina Grande - PB,-7.223333299999999,-35.8839115
58400263,Rua Vidal de Negreiros - Centro - Campina Grande - PB,-7.221098400000001,-35.8828724
Nan,Nan,Nan,Nan
58400265,Travessa Almirante Alexandrino - Centro - Campina Grande - PB,-7.222715999999999,-35.88261
Nan,Nan,Nan,Nan
Nan,Nan,Nan,Nan
58400268,Rua Major Manoel Jovino do Ó - Centro - Campina Grande - PB,-7.221316,-35.8836951
Nan,Nan,Nan,Nan
58400270,Rua Irineu Joffily - Centro - Campina Grande - PB,-7.221219499999999,-35.8844759
Nan,Nan,Nan,Nan
Nan,Nan,Nan,Nan
58400273,Rua Miguel Couto - Centro - Campina Grande - PB,-7.2255441,-35.8844957
Nan,Nan,Nan,Nan
58400275,Rua Otacílio de Albuquerque - Centro - Campina Grande - PB,-7.2256285,-35.8854312
Nan,Nan,Nan,Nan
58400277,Rua Desembargador Trindade - Centro - Campina Grande - PB,-7.223779899999999,-35.8840185
Nan,Nan,Nan,Nan
Nan,Nan,Nan,Nan
58400280,Rua Solon de Lucena - Centro - Campina Grande - PB,-7.2229718,-35.8853762
Nan,Nan,Nan,Nan
Nan,Nan,Nan,Nan
58400283,Rua Tiradentes - Centro - Campina Grande - PB,-7.222296799999999,-35.8859775
Nan,Nan,Nan,Nan
58400285,Travessa Tiradentes - Centro - Campina Grande - PB,-7.222296799999999,-35.8859775
Nan,Nan,Nan,Nan
58400287,Rua Afonso Pena - Centro - Campina Grande - PB,-7.2213575,-35.8850893
Nan,Nan,Nan,Nan
Nan,Nan,Nan,Nan
58400290,Rua Treze de Maio - Centro - Campina Grande - PB,-7.221047899999999,-35.8856038
Nan,Nan,Nan,Nan
58400292,Praça Clementino Procópio - Centro - Campina Grande - PB,-7.219654999999999,-35.88402
58400293,Largo Prefeito Severino Procópio - Centro - Campina Grande - PB,-7.2195665,-35.8833028
Nan,Nan,Nan,Nan
58400295,Rua Frei Caneca - Centro - Campina Grande - PB,-7.223439399999999,-35.8865472
Nan,Nan,Nan,Nan
Nan,Nan,Nan,Nan
Nan,Nan,Nan,Nan
58400299,Travessa Presidente Epitácio Pessoa - Centro - Campina Grande - PB,-7.215120999999999,-35.8873523
58400300,Rua Sebastião Donato - Centro - Campina Grande - PB,-7.2236826,-35.887234
Nan,Nan,Nan,Nan
58400302,Praça Williams Arruda - Centro - Campina Grande - PB,-7.2263764,-35.9290605
Nan,Nan,Nan,Nan
Nan,Nan,Nan,Nan
Nan,Nan,Nan,Nan
Nan,Nan,Nan,Nan
Nan,Nan,Nan,Nan
Nan,Nan,Nan,Nan
Nan,Nan,Nan,Nan
58400310,Rua Paulo de Frontin - Centro - Campina Grande - PB,-7.2264912,-35.8791638
Nan,Nan,Nan,Nan
58400312,Rua João Florentino de Carvalho - Centro - Campina Grande - PB,-7.2220339,-35.8757027
Nan,Nan,Nan,Nan
Nan,Nan,Nan,Nan
Nan,Nan,Nan,Nan
Nan,Nan,Nan,Nan
Nan,Nan,Nan,Nan
Nan,Nan,Nan,Nan
Nan,Nan,Nan,Nan
58400320,Rua Sebastião Donato - São José - Campina Grande - PB,-7.2240382,-35.8870156
Nan,Nan,Nan,Nan
58400322,Rua Frei Caneca - São José - Campina Grande - PB,-7.223439399999999,-35.8865472
Nan,Nan,Nan,Nan
58400324,Rua Otacílio de Albuquerque - São José - Campina Grande - PB,-7.2256285,-35.8854312
Nan,Nan,Nan,Nan
58400326,Rua Miguel Couto - São José - Campina Grande - PB,-7.225597899999999,-35.8845532
Nan,Nan,Nan,Nan
58400328,Avenida Professor Almeida Barreto - São José - Campina Grande - PB,-7.2287159,-35.8910705
Nan,Nan,Nan,Nan
Nan,Nan,Nan,Nan
Nan,Nan,Nan,Nan
Nan,Nan,Nan,Nan
Nan,Nan,Nan,Nan
Nan,Nan,Nan,Nan
58400335,Rua Capitão José Amâncio Barbosa - São José - Campina Grande - PB,-7.2261724,-35.8869196
Nan,Nan,Nan,Nan
Nan,Nan,Nan,Nan
Nan,Nan,Nan,Nan
Nan,Nan,Nan,Nan
Nan,Nan,Nan,Nan
Nan,Nan,Nan,Nan
58400342,Rua Major Belmiro - São José - Campina Grande - PB,-7.226068100000001,-35.8878381
Nan,Nan,Nan,Nan
58400344,Rua Doutor João Moura - São José - Campina Grande - PB,-7.2251908,-35.8882079
Nan,Nan,Nan,Nan
58400346,Rua Olegário Azevedo - São José - Campina Grande - PB,-7.224712299999998,-35.88823980000001
Nan,Nan,Nan,Nan
Nan,Nan,Nan,Nan
Nan,Nan,Nan,Nan
58400350,Rua Desembargador Trindade - São José - Campina Grande - PB,-7.223439,-35.8864473
Nan,Nan,Nan,Nan
Nan,Nan,Nan,Nan
Nan,Nan,Nan,Nan
Nan,Nan,Nan,Nan
58400355,Parque do Povo - São José - Campina Grande - PB,-7.223744900000001,-35.887581
Nan,Nan,Nan,Nan
Nan,Nan,Nan,Nan
58400358,Rua Paulino Raposo - São José - Campina Grande - PB,-7.223615400000001,-35.8886684
Nan,Nan,Nan,Nan
58400360,Rua Lino Gomes da Silva - São José - Campina Grande - PB,-7.2232328,-35.8896816
Nan,Nan,Nan,Nan
58400362,Rua Veterinário Américo Braga - São José - Campina Grande - PB,-7.226829299999999,-35.8931521
Nan,Nan,Nan,Nan
58400364,Praça do Trabalho - São José - Campina Grande - PB,-7.2241526,-35.8916951
Nan,Nan,Nan,Nan
58400366,Rua Índio Felipe Camarão - São José - Campina Grande - PB,-7.225090799999999,-35.8904775
Nan,Nan,Nan,Nan
58400368,Rua Miguel Vasconcelos - São José - Campina Grande - PB,-7.225104,-35.8897997
Nan,Nan,Nan,Nan
58400370,Rua José do Patrocínio - São José - Campina Grande - PB,-7.226658599999999,-35.8893263
Nan,Nan,Nan,Nan
Nan,Nan,Nan,Nan
Nan,Nan,Nan,Nan
Nan,Nan,Nan,Nan
Nan,Nan,Nan,Nan
Nan,Nan,Nan,Nan
Nan,Nan,Nan,Nan
Nan,Nan,Nan,Nan
Nan,Nan,Nan,Nan
Nan,Nan,Nan,Nan
Nan,Nan,Nan,Nan
58400382,Rua Rosendo Pereira de Lucena - São José - Campina Grande - PB,-7.227159899999999,-35.8898679
Nan,Nan,Nan,Nan
58400384,Rua Aristides Lobo - São José - Campina Grande - PB,-7.2270649,-35.8906595
Nan,Nan,Nan,Nan
Nan,Nan,Nan,Nan
Nan,Nan,Nan,Nan
Nan,Nan,Nan,Nan
Nan,Nan,Nan,Nan
Nan,Nan,Nan,Nan
Nan,Nan,Nan,Nan
Nan,Nan,Nan,Nan
Nan,Nan,Nan,Nan
58400394,Rua Jacqueline Ayres Silva - São José - Campina Grande - PB,-7.2253163,-35.891167
Nan,Nan,Nan,Nan
58400396,Rua Doutor Chateaubriand - São José - Campina Grande - PB,-7.226638,-35.8910138
Nan,Nan,Nan,Nan
58400398,Rua Carlos Chagas - São José - Campina Grande - PB,-7.227766899999999,-35.8915
Nan,Nan,Nan,Nan
Nan,Nan,Nan,Nan
Nan,Nan,Nan,Nan
Nan,Nan,Nan,Nan
58400403,Avenida Jornalista Assis Chateaubriand - São José - Campina Grande - PB,-7.286331199999999,-35.8894251
Nan,Nan,Nan,Nan
Nan,Nan,Nan,Nan
Nan,Nan,Nan,Nan
Nan,Nan,Nan,Nan
Nan,Nan,Nan,Nan
Nan,Nan,Nan,Nan
Nan,Nan,Nan,Nan
Nan,Nan,Nan,Nan
Nan,Nan,Nan,Nan
Nan,Nan,Nan,Nan
58400414,Rua Dom Pedro I - São José - Campina Grande - PB,-7.225608200000001,-35.8921083
Nan,Nan,Nan,Nan
Nan,Nan,Nan,Nan
Nan,Nan,Nan,Nan
58400418,Rua Nilo Peçanha - São José - Campina Grande - PB,-7.225529799999999,-35.89690420000001
Nan,Nan,Nan,Nan
58400420,Rua Castro Pinto - São José - Campina Grande - PB,-7.227470400000001,-35.8966416
Nan,Nan,Nan,Nan
58400422,Rua Delmiro Gouveia - São José - Campina Grande - PB,-7.227470400000001,-35.8966416
Nan,Nan,Nan,Nan
58400424,Rua José Elpídio da Costa Monteiro - São José - Campina Grande - PB,-7.2270236,-35.8958135
Nan,Nan,Nan,Nan
58400426,Rua Zacarias de Souza do Ó - São José - Campina Grande - PB,-7.227730800000001,-35.8954987
Nan,Nan,Nan,Nan
Nan,Nan,Nan,Nan
Nan,Nan,Nan,Nan
Nan,Nan,Nan,Nan
Nan,Nan,Nan,Nan
Nan,Nan,Nan,Nan
Nan,Nan,Nan,Nan
Nan,Nan,Nan,Nan
Nan,Nan,Nan,Nan
Nan,Nan,Nan,Nan
Nan,Nan,Nan,Nan
58400438,Rua Teixeira de Freitas - São José - Campina Grande - PB,-7.2264275,-35.8956656
Nan,Nan,Nan,Nan
58400440,Travessa Nilo Peçanha - São José - Campina Grande - PB,-7.226060299999999,-35.8965741
Nan,Nan,Nan,Nan
58400442,Rua Professor Capiba - São José - Campina Grande - PB,-7.2256898,-35.8959277
Nan,Nan,Nan,Nan
58400444,Rua Doutor Agra - São José - Campina Grande - PB,-7.2252256,-35.8947302
Nan,Nan,Nan,Nan
58400446,Rua Sulpino Colaço - São José - Campina Grande - PB,-7.2257552,-35.8939712
Nan,Nan,Nan,Nan
58400448,Rua Iremar Marinho - São José - Campina Grande - PB,-7.224963600000001,-35.8938776
Nan,Nan,Nan,Nan
Nan,Nan,Nan,Nan
Nan,Nan,Nan,Nan
Nan,Nan,Nan,Nan
58400453,Rua Siqueira Campos - São José - Campina Grande - PB,-7.223615700000001,-35.8931533
Nan,Nan,Nan,Nan
58400455,Rua Benedito Machado - São José - Campina Grande - PB,-7.225070199999999,-35.892737
Nan,Nan,Nan,Nan
58400457,Travessa Benedito Machado - São José - Campina Grande - PB,-7.224927699999999,-35.8929373
Nan,Nan,Nan,Nan
58400459,Rua Melo Leitão - São José - Campina Grande - PB,-7.2236273,-35.89261219999999
Nan,Nan,Nan,Nan
Nan,Nan,Nan,Nan
Nan,Nan,Nan,Nan
Nan,Nan,Nan,Nan
58400464,Avenida Marechal Floriano Peixoto - São José - Campina Grande - PB,-7.2238711,-35.8931111
Nan,Nan,Nan,Nan
Nan,Nan,Nan,Nan
Nan,Nan,Nan,Nan
58400468,Rua da Independência - São José - Campina Grande - PB,-7.2242924,-35.8955213
Nan,Nan,Nan,Nan
58400470,Rua Antenor Navarro - São José - Campina Grande - PB,-7.2225428,-35.8946123
Nan,Nan,Nan,Nan
Nan,Nan,Nan,Nan
Nan,Nan,Nan,Nan
Nan,Nan,Nan,Nan
Nan,Nan,Nan,Nan
Nan,Nan,Nan,Nan
Nan,Nan,Nan,Nan
Nan,Nan,Nan,Nan
Nan,Nan,Nan,Nan
58400480,Rua da Independência - Prata - Campina Grande - PB,-7.2242924,-35.8955213
Nan,Nan,Nan,Nan
Nan,Nan,Nan,Nan
58400483,Rua Oswaldo Cruz - Prata - Campina Grande - PB,-7.224630299999999,-35.8989385
Nan,Nan,Nan,Nan
Nan,Nan,Nan,Nan
58400486,Rua Senador Epitácio Pessoa Cavalcante - Prata - Campina Grande - PB,-7.2235672,-35.8992819
Nan,Nan,Nan,Nan
Nan,Nan,Nan,Nan
Nan,Nan,Nan,Nan
58400490,Rua Coronel João da Costa e Silva - Prata - Campina Grande - PB,-7.222946799999999,-35.8989614
Nan,Nan,Nan,Nan
58400492,Rua Marechal Deodoro - Prata - Campina Grande - PB,-7.222952799999999,-35.89623290000001
Nan,Nan,Nan,Nan
Nan,Nan,Nan,Nan
Nan,Nan,Nan,Nan
Nan,Nan,Nan,Nan
Nan,Nan,Nan,Nan
Nan,Nan,Nan,Nan
Nan,Nan,Nan,Nan
58400500,Rua José de Alencar - Prata - Campina Grande - PB,-7.222197200000001,-35.8960461
Nan,Nan,Nan,Nan
Nan,Nan,Nan,Nan
58400503,Rua Montevideo - Prata - Campina Grande - PB,-7.219526,-35.8981806
Nan,Nan,Nan,Nan
Nan,Nan,Nan,Nan
58400506,Rua Duque de Caxias - Prata - Campina Grande - PB,-7.221014599999999,-35.8973121
Nan,Nan,Nan,Nan
Nan,Nan,Nan,Nan
Nan,Nan,Nan,Nan
58400510,Rua João Machado - Prata - Campina Grande - PB,-7.221656500000001,-35.8949649
Nan,Nan,Nan,Nan
Nan,Nan,Nan,Nan
Nan,Nan,Nan,Nan
Nan,Nan,Nan,Nan
58400515,Rua Nilo Peçanha - Prata - Campina Grande - PB,-7.2201948,-35.8955671
Nan,Nan,Nan,Nan
Nan,Nan,Nan,Nan
Nan,Nan,Nan,Nan
Nan,Nan,Nan,Nan
58400520,Rua Antenor Navarro - Prata - Campina Grande - PB,-7.218810099999999,-35.8936699
Nan,Nan,Nan,Nan
Nan,Nan,Nan,Nan
Nan,Nan,Nan,Nan
Nan,Nan,Nan,Nan
58400525,Rua Siqueira Campos - Prata - Campina Grande - PB,-7.2197589,-35.892157
Nan,Nan,Nan,Nan
Nan,Nan,Nan,Nan
Nan,Nan,Nan,Nan
Nan,Nan,Nan,Nan
58400530,Avenida Marechal Floriano Peixoto - Prata - Campina Grande - PB,-7.223325,-35.8923004
Nan,Nan,Nan,Nan
Nan,Nan,Nan,Nan
Nan,Nan,Nan,Nan
Nan,Nan,Nan,Nan
58400535,Rua Melo Leitão - Prata - Campina Grande - PB,-7.2236273,-35.89261219999999
Nan,Nan,Nan,Nan
Nan,Nan,Nan,Nan
Nan,Nan,Nan,Nan
Nan,Nan,Nan,Nan
58400540,Rua Santa Clara - Prata - Campina Grande - PB,-7.2219648,-35.89054429999999
Nan,Nan,Nan,Nan
Nan,Nan,Nan,Nan
Nan,Nan,Nan,Nan
Nan,Nan,Nan,Nan
58400545,Rua Luís de Melo - Prata - Campina Grande - PB,-7.2212536,-35.8913983
Nan,Nan,Nan,Nan
Nan,Nan,Nan,Nan
Nan,Nan,Nan,Nan
Nan,Nan,Nan,Nan
58400550,Rua Rodrigues Alves - Prata - Campina Grande - PB,-7.220816900000001,-35.89478
Nan,Nan,Nan,Nan
Nan,Nan,Nan,Nan
Nan,Nan,Nan,Nan
Nan,Nan,Nan,Nan
58400555,Praça do Rosário - Prata - Campina Grande - PB,-7.221180299999999,-35.8953973
Nan,Nan,Nan,Nan
Nan,Nan,Nan,Nan
Nan,Nan,Nan,Nan
Nan,Nan,Nan,Nan
58400560,Rua Capitão João Alves de Lira - Prata - Campina Grande - PB,-7.2201574,-35.8940334
Nan,Nan,Nan,Nan
Nan,Nan,Nan,Nan
Nan,Nan,Nan,Nan
Nan,Nan,Nan,Nan
58400565,Rua Dom Pedro II - Prata - Campina Grande - PB,-7.2193171,-35.8938034
Nan,Nan,Nan,Nan
Nan,Nan,Nan,Nan
Nan,Nan,Nan,Nan
Nan,Nan,Nan,Nan
58400570,Rua Índios Cariris - Prata - Campina Grande - PB,-7.2183218,-35.8894204
Nan,Nan,Nan,Nan
Nan,Nan,Nan,Nan
Nan,Nan,Nan,Nan
Nan,Nan,Nan,Nan
58400575,Avenida Rio Branco - Prata - Campina Grande - PB,-7.218068,-35.8944525
Nan,Nan,Nan,Nan
Nan,Nan,Nan,Nan
Nan,Nan,Nan,Nan
Nan,Nan,Nan,Nan
Nan,Nan,Nan,Nan
Nan,Nan,Nan,Nan
Nan,Nan,Nan,Nan
Nan,Nan,Nan,Nan
Nan,Nan,Nan,Nan
58400585,Avenida Presidente Getúlio Vargas - Prata - Campina Grande - PB,-7.217328500000001,-35.8933188
Nan,Nan,Nan,Nan
Nan,Nan,Nan,Nan
Nan,Nan,Nan,Nan
Nan,Nan,Nan,Nan
58400590,Rua Luís Soares - Prata - Campina Grande - PB,-7.216596500000001,-35.8919777
Nan,Nan,Nan,Nan
Nan,Nan,Nan,Nan
Nan,Nan,Nan,Nan
Nan,Nan,Nan,Nan
58400595,Praça Engenheiro Sebastião Ernesto dos Santos - Prata - Campina Grande - PB,-7.216555,-35.8929589
Nan,Nan,Nan,Nan
Nan,Nan,Nan,Nan
Nan,Nan,Nan,Nan
Nan,Nan,Nan,Nan
58400600,Rua Vileneuve Honório Maia - Prata - Campina Grande - PB,-7.216171,-35.89296849999999
Nan,Nan,Nan,Nan
Nan,Nan,Nan,Nan
Nan,Nan,Nan,Nan
Nan,Nan,Nan,Nan
Nan,Nan,Nan,Nan
Nan,Nan,Nan,Nan
Nan,Nan,Nan,Nan
Nan,Nan,Nan,Nan
Nan,Nan,Nan,Nan
58400610,Rua Vereador Arrojado Lisboa - Prata - Campina Grande - PB,-7.215852199999999,-35.8954751
Nan,Nan,Nan,Nan
Nan,Nan,Nan,Nan
Nan,Nan,Nan,Nan
Nan,Nan,Nan,Nan
Nan,Nan,Nan,Nan
Nan,Nan,Nan,Nan
Nan,Nan,Nan,Nan
Nan,Nan,Nan,Nan
Nan,Nan,Nan,Nan
Nan,Nan,Nan,Nan
Nan,Nan,Nan,Nan
Nan,Nan,Nan,Nan
Nan,Nan,Nan,Nan
Nan,Nan,Nan,Nan
Nan,Nan,Nan,Nan
Nan,Nan,Nan,Nan
Nan,Nan,Nan,Nan
Nan,Nan,Nan,Nan
Nan,Nan,Nan,Nan
Nan,Nan,Nan,Nan
Nan,Nan,Nan,Nan
Nan,Nan,Nan,Nan
Nan,Nan,Nan,Nan
Nan,Nan,Nan,Nan
Nan,Nan,Nan,Nan
Nan,Nan,Nan,Nan
Nan,Nan,Nan,Nan
Nan,Nan,Nan,Nan
Nan,Nan,Nan,Nan
58400640,Rua Vereador Arrojado Lisboa - Monte Santo - Campina Grande - PB,-7.215852199999999,-35.8954751
Nan,Nan,Nan,Nan
Nan,Nan,Nan,Nan
Nan,Nan,Nan,Nan
Nan,Nan,Nan,Nan
Nan,Nan,Nan,Nan
Nan,Nan,Nan,Nan
Nan,Nan,Nan,Nan
58400648,Rua Tabelião Nereu Pereira dos Santos - Monte Santo - Campina Grande - PB,-7.214725999999999,-35.8955291
Nan,Nan,Nan,Nan
58400650,Rua Monte Santo - Monte Santo - Campina Grande - PB,-7.2144825,-35.8940764
Nan,Nan,Nan,Nan
Nan,Nan,Nan,Nan
Nan,Nan,Nan,Nan
58400654,Rua Ceará - Monte Santo - Campina Grande - PB,-7.214364799999999,-35.8954118
Nan,Nan,Nan,Nan
Nan,Nan,Nan,Nan
Nan,Nan,Nan,Nan
Nan,Nan,Nan,Nan
Nan,Nan,Nan,Nan
58400660,Rua Montevideo - Monte Santo - Campina Grande - PB,-7.2158962,-35.8973345
Nan,Nan,Nan,Nan
58400662,Praça Sinhá Caroca - Monte Santo - Campina Grande - PB,-7.2195339,-35.9136074
Nan,Nan,Nan,Nan
58400664,Rua Juvêncio Ferreira - Monte Santo - Campina Grande - PB,-7.214917300000001,-35.8978282
Nan,Nan,Nan,Nan
Nan,Nan,Nan,Nan
Nan,Nan,Nan,Nan
Nan,Nan,Nan,Nan
Nan,Nan,Nan,Nan
Nan,Nan,Nan,Nan
Nan,Nan,Nan,Nan
58400672,Rua Sinhazinha de Oliveira - Monte Santo - Campina Grande - PB,-7.211986,-35.8969431
Nan,Nan,Nan,Nan
58400674,Travessa Olegário Maciel - Monte Santo - Campina Grande - PB,-7.2084316,-35.8997389
Nan,Nan,Nan,Nan
Nan,Nan,Nan,Nan
Nan,Nan,Nan,Nan
Nan,Nan,Nan,Nan
Nan,Nan,Nan,Nan
Nan,Nan,Nan,Nan
Nan,Nan,Nan,Nan
Nan,Nan,Nan,Nan
Nan,Nan,Nan,Nan
Nan,Nan,Nan,Nan
Nan,Nan,Nan,Nan
Nan,Nan,Nan,Nan
Nan,Nan,Nan,Nan
Nan,Nan,Nan,Nan
Nan,Nan,Nan,Nan
58400690,Rua Agrônomo João Maurício de Medeiros - Monte Santo - Campina Grande - PB,-7.2134209,-35.8982596
Nan,Nan,Nan,Nan
Nan,Nan,Nan,Nan
58400693,Rua Firmino Leite - Monte Santo - Campina Grande - PB,-7.2143018,-35.8993581
Nan,Nan,Nan,Nan
Nan,Nan,Nan,Nan
58400696,Rua Coronel Eufrásio Câmara - Monte Santo - Campina Grande - PB,-7.213356699999999,-35.8999208
Nan,Nan,Nan,Nan
Nan,Nan,Nan,Nan
Nan,Nan,Nan,Nan
58400700,Rua da Borborema - Monte Santo - Campina Grande - PB,-7.2133865,-35.8988651
Nan,Nan,Nan,Nan
58400702,1ª Travessa da Borborema - Monte Santo - Campina Grande - PB,-7.2142968,-35.8993553
Nan,Nan,Nan,Nan
58400704,2ª Travessa da Borborema - Monte Santo - Campina Grande - PB,-7.2142968,-35.8993553
Nan,Nan,Nan,Nan
58400706,3ª Travessa da Borborema - Monte Santo - Campina Grande - PB,-7.2142819,-35.8993468
Nan,Nan,Nan,Nan
Nan,Nan,Nan,Nan
Nan,Nan,Nan,Nan
58400710,Rua Francisco Rosa de Farias - Monte Santo - Campina Grande - PB,-7.212971899999999,-35.8980429
Nan,Nan,Nan,Nan
Nan,Nan,Nan,Nan
58400713,Rua José Augusto Trindade - Monte Santo - Campina Grande - PB,-7.2140283,-35.8999221
Nan,Nan,Nan,Nan
58400715,Travessa José Augusto Trindade - Monte Santo - Campina Grande - PB,-7.2140283,-35.8999221
Nan,Nan,Nan,Nan
58400717,Travessa Carneiro da Cunha - Monte Santo - Campina Grande - PB,-7.2124001,-35.8998294
Nan,Nan,Nan,Nan
Nan,Nan,Nan,Nan
58400720,Avenida Artiquilino Dantas - Monte Santo - Campina Grande - PB,-7.211776,-35.8991501
Nan,Nan,Nan,Nan
58400722,Travessa Probo Câmara - Monte Santo - Campina Grande - PB,-7.2091328,-35.8981627
58400723,Rua Probo Câmara - Monte Santo - Campina Grande - PB,-7.2091328,-35.8981627
Nan,Nan,Nan,Nan
58400725,Rua Santina Leão - Monte Santo - Campina Grande - PB,-7.210570199999999,-35.8983778
Nan,Nan,Nan,Nan
58400727,Rua Carneiro da Cunha - Monte Santo - Campina Grande - PB,-7.2107465,-35.89959200000001
Nan,Nan,Nan,Nan
Nan,Nan,Nan,Nan
58400730,Rua Tomaz Santa Rosa - Monte Santo - Campina Grande - PB,-7.2124001,-35.8998294
Nan,Nan,Nan,Nan
Nan,Nan,Nan,Nan
58400733,Rua Diogo da Costa - Monte Santo - Campina Grande - PB,-7.2116573,-35.9004942
Nan,Nan,Nan,Nan
58400735,Rua Tomaz de Araújo - Monte Santo - Campina Grande - PB,-7.2090415,-35.9004716
Nan,Nan,Nan,Nan
Nan,Nan,Nan,Nan
Nan,Nan,Nan,Nan
Nan,Nan,Nan,Nan
58400740,Rua Maria Rosa - Monte Santo - Campina Grande - PB,-7.208886499999999,-35.9000702
Nan,Nan,Nan,Nan
58400742,Travessa Maria Rosa - Monte Santo - Campina Grande - PB,-7.208886499999999,-35.9000702
Nan,Nan,Nan,Nan
Nan,Nan,Nan,Nan
58400745,Rua Olegário Maciel - Monte Santo - Campina Grande - PB,-7.2092367,-35.8990588
Nan,Nan,Nan,Nan
58400747,Rua São Severino - Monte Santo - Campina Grande - PB,-7.2119721,-35.90112990000001
Nan,Nan,Nan,Nan
Nan,Nan,Nan,Nan
58400750,Rua Francisco Calixto - Monte Santo - Campina Grande - PB,-7.2141541,-35.9025235
Nan,Nan,Nan,Nan
58400752,Rua Antonieta Cavalcante - Monte Santo - Campina Grande - PB,-7.2112139,-35.9014601
Nan,Nan,Nan,Nan
58400754,Rua do Rangel - Monte Santo - Campina Grande - PB,-7.210609799999999,-35.9013073
Nan,Nan,Nan,Nan
58400756,Rua Ana da Silva Meira - Monte Santo - Campina Grande - PB,-7.209395700000001,-35.9012521
Nan,Nan,Nan,Nan
Nan,Nan,Nan,Nan
Nan,Nan,Nan,Nan
58400760,Rua Maria Arruda de Figueirêdo - Monte Santo - Campina Grande - PB,-7.209591899999999,-35.9020384
Nan,Nan,Nan,Nan
Nan,Nan,Nan,Nan
Nan,Nan,Nan,Nan
Nan,Nan,Nan,Nan
Nan,Nan,Nan,Nan
Nan,Nan,Nan,Nan
Nan,Nan,Nan,Nan
Nan,Nan,Nan,Nan
Nan,Nan,Nan,Nan
58400770,Rua Oscar Machado de Medeiros - Monte Santo - Campina Grande - PB,-7.221172900000001,-35.9106529
Nan,Nan,Nan,Nan
Nan,Nan,Nan,Nan
58400773,Rua Isaura Suassuna de Medeiros - Monte Santo - Campina Grande - PB,-7.2072154,-35.8887721
Nan,Nan,Nan,Nan
58400775,Rua João Suassuna - Monte Santo - Campina Grande - PB,-7.2107465,-35.89959200000001
Nan,Nan,Nan,Nan
Nan,Nan,Nan,Nan
Nan,Nan,Nan,Nan
Nan,Nan,Nan,Nan
58400780,Rua Inalda Meira Gayoso - Monte Santo - Campina Grande - PB,-7.2100877,-35.9047338
Nan,Nan,Nan,Nan
Nan,Nan,Nan,Nan
Nan,Nan,Nan,Nan
58400784,Rua Firmino Alves Sobrinho - Monte Santo - Campina Grande - PB,-7.2143018,-35.8993581
Nan,Nan,Nan,Nan
58400786,Rua Tenente Harllando Rocha do Nascimento - Monte Santo - Campina Grande - PB,-7.212149199999999,-35.9002248
Nan,Nan,Nan,Nan
Nan,Nan,Nan,Nan
Nan,Nan,Nan,Nan
Nan,Nan,Nan,Nan
Nan,Nan,Nan,Nan
Nan,Nan,Nan,Nan
Nan,Nan,Nan,Nan
Nan,Nan,Nan,Nan
Nan,Nan,Nan,Nan
Nan,Nan,Nan,Nan
Nan,Nan,Nan,Nan
Nan,Nan,Nan,Nan
Nan,Nan,Nan,Nan
58400800,Rua Doutor Acácio Figueiredo - Monte Santo - Campina Grande - PB,-7.214392500000001,-35.9005038
Nan,Nan,Nan,Nan
58400802,Rua Cônego Pequeno - Monte Santo - Campina Grande - PB,-7.216173500000001,-35.9001952
Nan,Nan,Nan,Nan
58400804,Rua Conde D'Eu - Monte Santo - Campina Grande - PB,-7.215367199999999,-35.8983595
58400805,Travessa Conde D'Eu - Monte Santo - Campina Grande - PB,-7.215367199999999,-35.8983595
58400806,Travessa Tomaz Santa Rosa - Monte Santo - Campina Grande - PB,-7.2124001,-35.8998294
Nan,Nan,Nan,Nan
58400808,Rua Líbia Cardoso Silva - Monte Santo - Campina Grande - PB,-7.214469900000001,-35.9010989
Nan,Nan,Nan,Nan
58400810,Rua Natanael Belo - Monte Santo - Campina Grande - PB,-7.2144979,-35.9016135
Nan,Nan,Nan,Nan
Nan,Nan,Nan,Nan
58400813,Rua Sargento Hermes Ferreira Ramos - Monte Santo - Campina Grande - PB,-7.2157689,-35.8997454
Nan,Nan,Nan,Nan
58400815,Rua Otacílio Colaço da Costa - Monte Santo - Campina Grande - PB,-7.2151272,-35.90201920000001
Nan,Nan,Nan,Nan
Nan,Nan,Nan,Nan
58400818,Rua Naná de Oliveira Pimentel - Monte Santo - Campina Grande - PB,-7.214649000000001,-35.9026618
Nan,Nan,Nan,Nan
58400820,Travessa Silva Barbosa - Monte Santo - Campina Grande - PB,-7.2141533,-35.9033851
Nan,Nan,Nan,Nan
Nan,Nan,Nan,Nan
58400823,Rua Joaquim Firmino Araújo - Monte Santo - Campina Grande - PB,-7.214603899999999,-35.9031112
Nan,Nan,Nan,Nan
58400825,Rua Silva Barbosa - Monte Santo - Campina Grande - PB,-7.216058599999998,-35.9041026
Nan,Nan,Nan,Nan
Nan,Nan,Nan,Nan
58400828,Rua Pedro de Farias - Monte Santo - Campina Grande - PB,-7.2449416,-35.8926445
Nan,Nan,Nan,Nan
Nan,Nan,Nan,Nan
Nan,Nan,Nan,Nan
Nan,Nan,Nan,Nan
Nan,Nan,Nan,Nan
Nan,Nan,Nan,Nan
Nan,Nan,Nan,Nan
Nan,Nan,Nan,Nan
Nan,Nan,Nan,Nan
Nan,Nan,Nan,Nan
Nan,Nan,Nan,Nan
Nan,Nan,Nan,Nan
Nan,Nan,Nan,Nan
Nan,Nan,Nan,Nan
Nan,Nan,Nan,Nan
Nan,Nan,Nan,Nan
Nan,Nan,Nan,Nan
Nan,Nan,Nan,Nan
Nan,Nan,Nan,Nan
58400848,Rua Maurício Arruda Figueiredo - Monte Santo - Campina Grande - PB,-7.215568200000001,-35.9050966
Nan,Nan,Nan,Nan
58400850,Rua Professora Lenier Sucupira Meira de Almeida - Monte Santo - Campina Grande - PB,-7.211123000000001,-35.9075333
Nan,Nan,Nan,Nan
Nan,Nan,Nan,Nan
Nan,Nan,Nan,Nan
Nan,Nan,Nan,Nan
Nan,Nan,Nan,Nan
Nan,Nan,Nan,Nan
Nan,Nan,Nan,Nan
Nan,Nan,Nan,Nan
Nan,Nan,Nan,Nan
Nan,Nan,Nan,Nan
Nan,Nan,Nan,Nan
Nan,Nan,Nan,Nan
Nan,Nan,Nan,Nan
Nan,Nan,Nan,Nan
Nan,Nan,Nan,Nan
Nan,Nan,Nan,Nan
Nan,Nan,Nan,Nan
Nan,Nan,Nan,Nan
Nan,Nan,Nan,Nan
Nan,Nan,Nan,Nan
Nan,Nan,Nan,Nan
Nan,Nan,Nan,Nan
Nan,Nan,Nan,Nan
Nan,Nan,Nan,Nan
Nan,Nan,Nan,Nan
Nan,Nan,Nan,Nan
Nan,Nan,Nan,Nan
Nan,Nan,Nan,Nan
Nan,Nan,Nan,Nan
Nan,Nan,Nan,Nan
Nan,Nan,Nan,Nan
Nan,Nan,Nan,Nan
Nan,Nan,Nan,Nan
Nan,Nan,Nan,Nan
Nan,Nan,Nan,Nan
Nan,Nan,Nan,Nan
Nan,Nan,Nan,Nan
Nan,Nan,Nan,Nan
Nan,Nan,Nan,Nan
Nan,Nan,Nan,Nan
Nan,Nan,Nan,Nan
Nan,Nan,Nan,Nan
Nan,Nan,Nan,Nan
Nan,Nan,Nan,Nan
Nan,Nan,Nan,Nan
Nan,Nan,Nan,Nan
Nan,Nan,Nan,Nan
Nan,Nan,Nan,Nan
Nan,Nan,Nan,Nan
Nan,Nan,Nan,Nan
Nan,Nan,Nan,Nan
Nan,Nan,Nan,Nan
Nan,Nan,Nan,Nan
Nan,Nan,Nan,Nan
Nan,Nan,Nan,Nan
Nan,Nan,Nan,Nan
Nan,Nan,Nan,Nan
Nan,Nan,Nan,Nan
Nan,Nan,Nan,Nan
Nan,Nan,Nan,Nan
Nan,Nan,Nan,Nan
Nan,Nan,Nan,Nan
Nan,Nan,Nan,Nan
Nan,Nan,Nan,Nan
Nan,Nan,Nan,Nan
Nan,Nan,Nan,Nan
Nan,Nan,Nan,Nan
Nan,Nan,Nan,Nan
Nan,Nan,Nan,Nan
Nan,Nan,Nan,Nan
Nan,Nan,Nan,Nan
Nan,Nan,Nan,Nan
Nan,Nan,Nan,Nan
Nan,Nan,Nan,Nan
Nan,Nan,Nan,Nan
Nan,Nan,Nan,Nan
Nan,Nan,Nan,Nan
Nan,Nan,Nan,Nan
Nan,Nan,Nan,Nan
Nan,Nan,Nan,Nan
Nan,Nan,Nan,Nan
Nan,Nan,Nan,Nan
Nan,Nan,Nan,Nan
Nan,Nan,Nan,Nan
Nan,Nan,Nan,Nan
Nan,Nan,Nan,Nan
Nan,Nan,Nan,Nan
Nan,Nan,Nan,Nan
Nan,Nan,Nan,Nan
Nan,Nan,Nan,Nan
Nan,Nan,Nan,Nan
Nan,Nan,Nan,Nan
Nan,Nan,Nan,Nan
Nan,Nan,Nan,Nan
Nan,Nan,Nan,Nan
Nan,Nan,Nan,Nan
Nan,Nan,Nan,Nan
Nan,Nan,Nan,Nan
Nan,Nan,Nan,Nan
Nan,Nan,Nan,Nan
Nan,Nan,Nan,Nan
Nan,Nan,Nan,Nan
Nan,Nan,Nan,Nan
Nan,Nan,Nan,Nan
Nan,Nan,Nan,Nan
Nan,Nan,Nan,Nan
Nan,Nan,Nan,Nan
Nan,Nan,Nan,Nan
Nan,Nan,Nan,Nan
Nan,Nan,Nan,Nan
Nan,Nan,Nan,Nan
Nan,Nan,Nan,Nan
Nan,Nan,Nan,Nan
Nan,Nan,Nan,Nan
Nan,Nan,Nan,Nan
Nan,Nan,Nan,Nan
Nan,Nan,Nan,Nan
Nan,Nan,Nan,Nan
Nan,Nan,Nan,Nan
58400970,Praça da Bandeira 71 Entrada Principal - Centro - Campina Grande - PB,-7.219338400000001,-35.88515599999999
58400971,Praça da Bandeira 71 - Centro - Campina Grande - PB,-7.219338400000001,-35.88515599999999
58400972,Praça da Bandeira - Centro - Campina Grande - PB,-7.219532200000001,-35.8851604
Nan,Nan,Nan,Nan
Nan,Nan,Nan,Nan
Nan,Nan,Nan,Nan
58400976,Rua Antenor Navarro 233 - Prata - Campina Grande - PB,-7.222199699999999,-35.8947546
Nan,Nan,Nan,Nan
Nan,Nan,Nan,Nan
Nan,Nan,Nan,Nan
Nan,Nan,Nan,Nan
Nan,Nan,Nan,Nan
Nan,Nan,Nan,Nan
Nan,Nan,Nan,Nan
Nan,Nan,Nan,Nan
Nan,Nan,Nan,Nan
Nan,Nan,Nan,Nan
Nan,Nan,Nan,Nan
Nan,Nan,Nan,Nan
Nan,Nan,Nan,Nan
58400990,Sítio Marinho -  - Campina Grande - PB,-7.223744900000001,-35.887581
Nan,Nan,Nan,Nan
Nan,Nan,Nan,Nan
Nan,Nan,Nan,Nan
Nan,Nan,Nan,Nan
Nan,Nan,Nan,Nan
Nan,Nan,Nan,Nan
Nan,Nan,Nan,Nan
Nan,Nan,Nan,Nan
Nan,Nan,Nan,Nan
58401000,Rua Manoel Leite Cavalcante - Palmeira - Campina Grande - PB,-7.1986848,-35.8959945
Nan,Nan,Nan,Nan
Nan,Nan,Nan,Nan
Nan,Nan,Nan,Nan
Nan,Nan,Nan,Nan
58401005,Rua Jeremias Sérgio de Almeida - Palmeira - Campina Grande - PB,-7.1995812,-35.8944415
Nan,Nan,Nan,Nan
Nan,Nan,Nan,Nan
Nan,Nan,Nan,Nan
Nan,Nan,Nan,Nan
58401010,Rua Manoel Barbosa de Lima - Palmeira - Campina Grande - PB,-7.1990197,-35.8944029
Nan,Nan,Nan,Nan
Nan,Nan,Nan,Nan
Nan,Nan,Nan,Nan
Nan,Nan,Nan,Nan
Nan,Nan,Nan,Nan
Nan,Nan,Nan,Nan
Nan,Nan,Nan,Nan
Nan,Nan,Nan,Nan
Nan,Nan,Nan,Nan
Nan,Nan,Nan,Nan
Nan,Nan,Nan,Nan
Nan,Nan,Nan,Nan
Nan,Nan,Nan,Nan
Nan,Nan,Nan,Nan
Nan,Nan,Nan,Nan
Nan,Nan,Nan,Nan
Nan,Nan,Nan,Nan
Nan,Nan,Nan,Nan
Nan,Nan,Nan,Nan
Nan,Nan,Nan,Nan
Nan,Nan,Nan,Nan
Nan,Nan,Nan,Nan
Nan,Nan,Nan,Nan
Nan,Nan,Nan,Nan
Nan,Nan,Nan,Nan
Nan,Nan,Nan,Nan
Nan,Nan,Nan,Nan
Nan,Nan,Nan,Nan
Nan,Nan,Nan,Nan
58401040,Rua Dagoberto Renato Damião de Araújo - Palmeira - Campina Grande - PB,-7.2056527,-35.8937254
Nan,Nan,Nan,Nan
58401042,Travessa Quinze de Novembro - Palmeira - Campina Grande - PB,-7.206884,-35.8936463
Nan,Nan,Nan,Nan
Nan,Nan,Nan,Nan
58401045,Travessa Cristiano Palmeira - Palmeira - Campina Grande - PB,-7.207488000000001,-35.892321
Nan,Nan,Nan,Nan
58401047,Rua Belarmino Timóteo de Souza - Palmeira - Campina Grande - PB,-7.2065736,-35.8929845
Nan,Nan,Nan,Nan
58401049,Travessa Belarmino Timóteo de Souza - Palmeira - Campina Grande - PB,-7.2065736,-35.8929845
Nan,Nan,Nan,Nan
Nan,Nan,Nan,Nan
Nan,Nan,Nan,Nan
58401053,Rua Francisco Mendonça Oliveira - Palmeira - Campina Grande - PB,-7.2067937,-35.8919738
Nan,Nan,Nan,Nan
58401055,Rua Euclides Severiano - Palmeira - Campina Grande - PB,-7.2068401,-35.8911236
Nan,Nan,Nan,Nan
Nan,Nan,Nan,Nan
Nan,Nan,Nan,Nan
Nan,Nan,Nan,Nan
58401060,Rua Maximiano Chaves - Palmeira - Campina Grande - PB,-7.207097500000001,-35.8917497
58401061,Travessa Maximiano Chaves - Palmeira - Campina Grande - PB,-7.207097500000001,-35.8917497
Nan,Nan,Nan,Nan
58401063,Rua Cristiano Palmeira - Palmeira - Campina Grande - PB,-7.207488000000001,-35.892321
Nan,Nan,Nan,Nan
Nan,Nan,Nan,Nan
58401066,Rua Manoel Félix - Palmeira - Campina Grande - PB,-7.208138600000001,-35.8914303
Nan,Nan,Nan,Nan
Nan,Nan,Nan,Nan
Nan,Nan,Nan,Nan
58401070,Rua Evaristo Pereira da Costa - Palmeira - Campina Grande - PB,-7.208924700000001,-35.88986510000001
Nan,Nan,Nan,Nan
Nan,Nan,Nan,Nan
Nan,Nan,Nan,Nan
Nan,Nan,Nan,Nan
58401075,Rua Quinze de Novembro - Palmeira - Campina Grande - PB,-7.206884,-35.8936463
Nan,Nan,Nan,Nan
Nan,Nan,Nan,Nan
58401078,Rua Conde do Bonfim - Palmeira - Campina Grande - PB,-7.2081504,-35.8932857
Nan,Nan,Nan,Nan
58401080,Rua João Herculano Diniz - Palmeira - Campina Grande - PB,-7.206151500000001,-35.8947009
Nan,Nan,Nan,Nan
58401082,Travessa Capitão Manoel do Ó - Palmeira - Campina Grande - PB,-7.206722699999998,-35.8947508
Nan,Nan,Nan,Nan
Nan,Nan,Nan,Nan
58401085,Rua Capitão Manoel do Ó - Palmeira - Campina Grande - PB,-7.206722699999998,-35.8947508
Nan,Nan,Nan,Nan
58401087,Rua São João - Palmeira - Campina Grande - PB,-7.207907899999999,-35.8949712
Nan,Nan,Nan,Nan
Nan,Nan,Nan,Nan
58401090,Rua Professor Balbino - Palmeira - Campina Grande - PB,-7.208105499999999,-35.89652299999999
Nan,Nan,Nan,Nan
Nan,Nan,Nan,Nan
58401093,Rua Ana de Azevedo - Palmeira - Campina Grande - PB,-7.2100268,-35.8945235
Nan,Nan,Nan,Nan
58401095,Avenida Ana de Azevedo - Palmeira - Campina Grande - PB,-7.2100268,-35.8945235
Nan,Nan,Nan,Nan
Nan,Nan,Nan,Nan
Nan,Nan,Nan,Nan
Nan,Nan,Nan,Nan
58401100,Rua Francisco Maria de Oliveira - Palmeira - Campina Grande - PB,-7.2087002,-35.8953549
Nan,Nan,Nan,Nan
Nan,Nan,Nan,Nan
Nan,Nan,Nan,Nan
Nan,Nan,Nan,Nan
58401105,Rua Sinhazinha de Oliveira - Palmeira - Campina Grande - PB,-7.211986,-35.8969431
Nan,Nan,Nan,Nan
Nan,Nan,Nan,Nan
Nan,Nan,Nan,Nan
Nan,Nan,Nan,Nan
58401110,Rua Francisco Assis de Oliveira - Palmeira - Campina Grande - PB,-7.210941399999999,-35.8956616
Nan,Nan,Nan,Nan
Nan,Nan,Nan,Nan
Nan,Nan,Nan,Nan
Nan,Nan,Nan,Nan
58401115,Rua Vereador Manoel Uchôa - Palmeira - Campina Grande - PB,-7.209656499999999,-35.8943372
Nan,Nan,Nan,Nan
Nan,Nan,Nan,Nan
Nan,Nan,Nan,Nan
Nan,Nan,Nan,Nan
58401120,Rua Olegário Maciel - Palmeira - Campina Grande - PB,-7.210222099999999,-35.8980618
Nan,Nan,Nan,Nan
Nan,Nan,Nan,Nan
Nan,Nan,Nan,Nan
Nan,Nan,Nan,Nan
58401125,Rua Monte Santo - Palmeira - Campina Grande - PB,-7.2144825,-35.8940764
Nan,Nan,Nan,Nan
Nan,Nan,Nan,Nan
58401128,Rua Coronel Severino Alves da Silva - Palmeira - Campina Grande - PB,-7.240162199999999,-35.9258438
Nan,Nan,Nan,Nan
58401130,Rua João Suassuna - Palmeira - Campina Grande - PB,-7.212577800000001,-35.8956893
Nan,Nan,Nan,Nan
Nan,Nan,Nan,Nan
Nan,Nan,Nan,Nan
Nan,Nan,Nan,Nan
58401135,Rua Ouro Branco - Palmeira - Campina Grande - PB,-7.2124658,-35.8934889
Nan,Nan,Nan,Nan
Nan,Nan,Nan,Nan
Nan,Nan,Nan,Nan
Nan,Nan,Nan,Nan
Nan,Nan,Nan,Nan
Nan,Nan,Nan,Nan
Nan,Nan,Nan,Nan
Nan,Nan,Nan,Nan
Nan,Nan,Nan,Nan
58401145,Rua José Lins do Rego - Palmeira - Campina Grande - PB,-7.2120756,-35.8922937
Nan,Nan,Nan,Nan
Nan,Nan,Nan,Nan
Nan,Nan,Nan,Nan
Nan,Nan,Nan,Nan
58401150,Rua Desembargador Arquimedes Souto Maior - Palmeira - Campina Grande - PB,-7.211917000000001,-35.8938383
Nan,Nan,Nan,Nan
Nan,Nan,Nan,Nan
Nan,Nan,Nan,Nan
Nan,Nan,Nan,Nan
Nan,Nan,Nan,Nan
Nan,Nan,Nan,Nan
Nan,Nan,Nan,Nan
Nan,Nan,Nan,Nan
Nan,Nan,Nan,Nan
58401160,Rua Desembargador Azevedo - Palmeira - Campina Grande - PB,-7.209898900000001,-35.8926755
Nan,Nan,Nan,Nan
58401162,Travessa Desembargador Azevedo - Palmeira - Campina Grande - PB,-7.209898900000001,-35.8926755
Nan,Nan,Nan,Nan
Nan,Nan,Nan,Nan
Nan,Nan,Nan,Nan
Nan,Nan,Nan,Nan
Nan,Nan,Nan,Nan
Nan,Nan,Nan,Nan
Nan,Nan,Nan,Nan
58401170,Rua Quintino Bocaiúva - Palmeira - Campina Grande - PB,-7.2128345,-35.8927076
Nan,Nan,Nan,Nan
Nan,Nan,Nan,Nan
Nan,Nan,Nan,Nan
Nan,Nan,Nan,Nan
Nan,Nan,Nan,Nan
Nan,Nan,Nan,Nan
Nan,Nan,Nan,Nan
Nan,Nan,Nan,Nan
Nan,Nan,Nan,Nan
58401180,Rua Ouro Branco - Palmeira - Campina Grande - PB,-7.2124658,-35.8934889
Nan,Nan,Nan,Nan
Nan,Nan,Nan,Nan
Nan,Nan,Nan,Nan
Nan,Nan,Nan,Nan
Nan,Nan,Nan,Nan
58401186,Rua Antenor Navarro - Palmeira - Campina Grande - PB,-7.212640599999999,-35.8911546
Nan,Nan,Nan,Nan
Nan,Nan,Nan,Nan
Nan,Nan,Nan,Nan
58401190,Rua Siqueira Campos - Palmeira - Campina Grande - PB,-7.2142998,-35.8896612
Nan,Nan,Nan,Nan
Nan,Nan,Nan,Nan
Nan,Nan,Nan,Nan
Nan,Nan,Nan,Nan
Nan,Nan,Nan,Nan
Nan,Nan,Nan,Nan
Nan,Nan,Nan,Nan
Nan,Nan,Nan,Nan
Nan,Nan,Nan,Nan
Nan,Nan,Nan,Nan
Nan,Nan,Nan,Nan
Nan,Nan,Nan,Nan
Nan,Nan,Nan,Nan
Nan,Nan,Nan,Nan
Nan,Nan,Nan,Nan
Nan,Nan,Nan,Nan
Nan,Nan,Nan,Nan
Nan,Nan,Nan,Nan
Nan,Nan,Nan,Nan
Nan,Nan,Nan,Nan
Nan,Nan,Nan,Nan
Nan,Nan,Nan,Nan
58401213,Rua Quinze de Novembro - Conceição - Campina Grande - PB,-7.210432699999999,-35.8911881
Nan,Nan,Nan,Nan
Nan,Nan,Nan,Nan
58401216,Rua Evaristo Pereira da Costa - Conceição - Campina Grande - PB,-7.2085146,-35.8892142
Nan,Nan,Nan,Nan
58401218,Travessa São Jacinto - Conceição - Campina Grande - PB,-7.207985400000001,-35.8877695
Nan,Nan,Nan,Nan
58401220,Rua São Jacinto - Conceição - Campina Grande - PB,-7.2082889,-35.88798269999999
Nan,Nan,Nan,Nan
58401222,Travessa Francisco Afonso de Albuquerque - Conceição - Campina Grande - PB,-7.2086011,-35.8870209
Nan,Nan,Nan,Nan
Nan,Nan,Nan,Nan
58401225,Rua Francisco Afonso de Albuquerque - Conceição - Campina Grande - PB,-7.2086011,-35.8870209
Nan,Nan,Nan,Nan
58401227,Travessa Severino Verônica - Conceição - Campina Grande - PB,-7.2097576,-35.8857185
Nan,Nan,Nan,Nan
Nan,Nan,Nan,Nan
58401230,1ª Travessa Francisco Afonso de Albuquerque - Conceição - Campina Grande - PB,-7.208901000000001,-35.8872904
Nan,Nan,Nan,Nan
Nan,Nan,Nan,Nan
58401233,2ª Travessa Francisco Afonso de Albuquerque - Conceição - Campina Grande - PB,-7.208958,-35.887357
Nan,Nan,Nan,Nan
Nan,Nan,Nan,Nan
58401236,Rua Henrique Dias - Conceição - Campina Grande - PB,-7.209638500000001,-35.8878943
